transaction_id,user_id,amount,transaction_date
1,13,$81.00 ,2023-12-27T03:15:06Z
2,62,$80.00 ,2024-04-09T16:52:56Z
3,15,$3.00 ,2023-10-20T00:48:02Z
4,37,$48.00 ,2024-05-28T19:30:43Z
5,80,$110.00 ,2023-11-19T23:18:53Z
6,5,$98.00 ,2024-02-04T03:32:42Z
7,37,$35.00 ,2024-01-19T17:02:58Z
8,55,$43.00 ,2023-10-12T06:35:13Z
9,57,$36.00 ,2024-04-12T08:15:16Z
10,14,$117.00 ,2023-12-05T05:43:50Z
11,97,$142.00 ,2024-01-11T17:59:37Z
12,7,$85.00 ,2023-12-29T02:07:38Z
13,45,$85.00 ,2023-12-16T02:42:02Z
14,74,$102.00 ,2023-11-15T11:06:15Z
15,49,$84.00 ,2024-02-15T11:30:27Z
16,100,$55.00 ,2024-01-06T09:26:44Z
17,36,$30.00 ,2024-04-11T17:06:28Z
18,48,$84.00 ,2024-05-12T18:28:27Z
19,63,$118.00 ,2023-12-21T04:40:27Z
20,18,$48.00 ,2024-05-08T06:52:22Z
21,34,$93.00 ,
22,60,$75.00 ,2023-10-16T14:14:37Z
23,89,$72.00 ,2024-01-29T12:30:26Z
24,41,$126.00 ,2024-05-25T20:49:55Z
25,12,$100.00 ,2023-10-14T14:07:28Z
26,68,$74.00 ,2024-01-19T02:21:46Z
27,32,$110.00 ,2024-05-08T07:13:52Z
28,25,$27.00 ,2024-03-12T02:36:48Z
29,23,$63.00 ,2023-12-11T02:13:17Z
30,27,$124.00 ,
31,73,$91.00 ,2023-12-11T14:21:18Z
32,14,$57.00 ,2024-03-29T12:00:26Z
33,92,$39.00 ,2024-03-29T00:16:44Z
34,17,$37.00 ,2024-03-30T12:47:29Z
35,98,$88.00 ,2023-12-17T02:52:12Z
36,87,$86.00 ,2024-01-01T03:09:16Z
37,77,$45.00 ,2024-01-31T09:03:34Z
38,3,$73.00 ,2023-12-09T05:57:55Z
39,98,$41.00 ,2024-01-28T03:32:44Z
40,65,$64.00 ,2024-04-16T23:21:59Z
41,29,$117.00 ,2024-01-19T15:34:55Z
42,38,$114.00 ,2024-05-29T09:54:37Z
43,82,$66.00 ,2024-05-04T07:03:54Z
44,43,$110.00 ,2024-01-26T11:06:24Z
45,24,$74.00 ,2024-05-07T22:46:03Z
46,57,$120.00 ,2023-11-19T07:05:52Z
47,61,$116.00 ,2023-10-12T03:33:10Z
48,58,$78.00 ,2024-05-01T21:08:01Z
49,92,$56.00 ,
50,7,$29.00 ,2024-03-21T06:27:48Z
51,95,$114.00 ,2024-04-05T16:56:07Z
52,64,$102.00 ,2024-03-24T01:37:27Z
53,26,$121.00 ,2023-10-31T07:11:16Z
54,6,$82.00 ,2024-03-17T05:25:09Z
55,46,$87.00 ,2024-03-29T03:50:19Z
56,41,$133.00 ,2024-03-22T21:48:47Z
57,40,$114.00 ,
58,68,$22.00 ,2024-05-30T12:07:05Z
59,61,$24.00 ,2024-03-03T01:05:00Z
60,47,$94.00 ,2024-04-20T05:08:25Z
61,9,$61.00 ,2024-01-30T08:20:42Z
62,48,$47.00 ,2024-05-30T22:42:26Z
63,36,$88.00 ,2024-04-07T12:12:42Z
64,12,$85.00 ,2023-11-23T20:27:41Z
65,61,$90.00 ,2024-03-16T10:08:45Z
66,50,$58.00 ,2023-10-09T16:14:24Z
67,3,$81.00 ,
68,86,$80.00 ,2024-03-06T03:53:12Z
69,38,$84.00 ,2023-11-10T16:50:29Z
70,33,$126.00 ,2024-03-05T16:07:26Z
71,76,$85.00 ,2024-05-30T20:36:54Z
72,41,$35.00 ,2024-02-20T08:37:55Z
73,36,$99.00 ,2024-04-09T02:53:21Z
74,7,$86.00 ,2023-10-09T02:28:17Z
75,43,$99.00 ,2024-03-31T18:03:59Z
76,71,$93.00 ,2024-03-30T06:16:30Z
77,62,$65.00 ,
78,28,$72.00 ,2024-05-27T23:20:58Z
79,64,$62.00 ,2024-01-17T14:47:33Z
80,79,$27.00 ,2023-11-22T16:26:02Z
81,30,$107.00 ,2024-03-14T18:07:37Z
82,84,$121.00 ,2023-10-22T15:24:12Z
83,16,$55.00 ,2023-12-23T13:57:28Z
84,72,$106.00 ,2023-11-03T06:17:23Z
85,43,$154.00 ,2024-04-28T04:10:23Z
86,36,$38.00 ,2024-02-06T14:04:29Z
87,86,$147.00 ,2024-04-26T02:02:39Z
88,62,$34.00 ,2024-04-24T02:47:07Z
89,20,$71.00 ,2024-03-18T04:09:34Z
90,16,$66.00 ,2023-10-07T14:59:14Z
91,65,$68.00 ,2024-02-05T18:00:10Z
92,2,$105.00 ,2024-01-14T14:21:00Z
93,36,$85.00 ,2024-05-23T00:16:35Z
94,9,$90.00 ,2024-03-22T11:33:01Z
95,98,$98.00 ,2024-04-21T17:59:40Z
96,97,$141.00 ,2024-02-09T20:53:14Z
97,56,$115.00 ,2024-03-20T13:08:44Z
98,90,$69.00 ,
99,84,$3.00 ,2023-12-25T23:19:28Z
100,24,$49.00 ,2023-10-20T05:25:43Z
101,60,$80.00 ,2023-12-02T21:50:50Z
102,79,$50.00 ,2024-04-29T01:34:57Z
103,15,$69.00 ,2024-02-19T14:26:18Z
104,11,$44.00 ,2024-01-26T09:37:01Z
105,50,$19.00 ,2023-12-06T09:17:29Z
106,24,$97.00 ,2023-12-29T00:43:06Z
107,42,$114.00 ,2024-04-19T04:42:21Z
108,45,$47.00 ,2024-01-29T23:05:50Z
109,41,$59.00 ,2023-12-22T17:05:27Z
110,25,$31.00 ,2023-12-04T13:14:51Z
111,65,$69.00 ,2024-02-21T18:19:15Z
112,40,$85.00 ,2024-01-07T11:15:22Z
113,30,$13.00 ,2023-11-26T14:46:50Z
114,45,$42.00 ,2024-03-28T01:18:35Z
115,50,$71.00 ,2024-01-16T05:58:39Z
116,81,$80.00 ,2024-05-01T21:16:10Z
117,82,$69.00 ,2023-11-04T08:08:24Z
118,28,$108.00 ,2024-05-14T21:38:15Z
119,49,$66.00 ,2024-03-14T15:19:55Z
120,67,$100.00 ,2024-05-10T18:08:24Z
121,81,$154.00 ,2024-04-08T02:31:07Z
122,32,$85.00 ,2024-02-16T14:20:45Z
123,77,$59.00 ,2024-04-11T15:21:46Z
124,92,$41.00 ,2023-12-02T15:32:28Z
125,42,$32.00 ,2024-01-28T14:08:31Z
126,81,$56.00 ,2024-04-05T13:03:53Z
127,51,$83.00 ,2024-04-11T04:03:16Z
128,73,$123.00 ,2024-01-05T04:01:12Z
129,63,$107.00 ,2024-01-09T12:59:49Z
130,44,$61.00 ,2023-12-07T23:39:44Z
131,42,$74.00 ,2024-02-24T04:16:37Z
132,17,$77.00 ,2024-01-12T17:17:53Z
133,74,$77.00 ,2024-04-13T05:50:59Z
134,6,$78.00 ,
135,13,$40.00 ,2023-11-08T20:56:49Z
136,48,$97.00 ,2024-02-11T06:08:25Z
137,47,$39.00 ,2024-02-20T16:54:47Z
138,23,$116.00 ,2024-01-01T06:55:15Z
139,67,$73.00 ,2023-10-28T03:56:34Z
140,36,$136.00 ,2024-01-14T05:07:17Z
141,15,$86.00 ,2024-02-13T11:54:51Z
142,43,$41.00 ,2023-10-20T15:02:12Z
143,48,$91.00 ,2023-11-08T22:10:30Z
144,34,$45.00 ,2024-04-13T09:56:17Z
145,4,$32.00 ,2024-03-30T06:44:36Z
146,38,$89.00 ,2024-05-08T07:34:45Z
147,13,$77.00 ,2023-10-18T23:15:48Z
148,16,$71.00 ,2024-04-18T11:48:57Z
149,85,$131.00 ,2024-02-13T07:49:38Z
150,6,$85.00 ,2024-02-27T22:54:46Z
151,25,$95.00 ,2024-05-04T23:31:54Z
152,16,$81.00 ,2024-02-02T07:26:14Z
153,46,$133.00 ,2024-04-24T18:51:39Z
154,58,$73.00 ,2023-12-29T03:16:02Z
155,69,$93.00 ,2024-04-30T22:18:47Z
156,86,$104.00 ,2024-02-05T04:46:26Z
157,58,$119.00 ,2023-11-07T08:49:06Z
158,30,$36.00 ,2023-10-25T21:48:17Z
159,28,$125.00 ,2023-12-30T15:13:57Z
160,14,$41.00 ,2024-03-19T13:56:46Z
161,49,$98.00 ,2023-11-21T14:33:15Z
162,7,$81.00 ,2024-01-28T02:35:59Z
163,90,$72.00 ,2024-04-30T13:27:49Z
164,30,$109.00 ,2023-11-02T00:53:22Z
165,23,$121.00 ,2024-04-01T19:24:54Z
166,68,$54.00 ,2023-11-28T07:41:27Z
167,55,$44.00 ,2023-12-10T05:39:24Z
168,96,$29.00 ,2024-04-06T03:44:53Z
169,58,$60.00 ,2023-11-12T06:26:58Z
170,20,$53.00 ,2023-12-30T11:53:44Z
171,95,$90.00 ,2024-01-20T11:19:37Z
172,2,$43.00 ,2023-10-28T06:54:13Z
173,44,$54.00 ,2024-02-23T14:32:38Z
174,9,$67.00 ,2024-02-27T13:48:21Z
175,8,$107.00 ,2023-11-17T10:08:57Z
176,87,$66.00 ,2023-12-26T02:22:11Z
177,24,$54.00 ,2024-04-16T02:10:12Z
178,94,$98.00 ,2023-11-15T15:56:25Z
179,31,$121.00 ,2023-10-06T16:24:08Z
180,88,$75.00 ,2023-12-25T08:10:45Z
181,76,$102.00 ,2023-12-30T02:47:47Z
182,62,$22.00 ,2024-02-11T18:19:48Z
183,80,$107.00 ,2024-05-10T20:29:48Z
184,40,$54.00 ,2024-04-18T03:19:20Z
185,4,$142.00 ,2024-02-01T04:18:37Z
186,59,$97.00 ,2024-02-07T15:07:40Z
187,32,$105.00 ,2024-01-25T19:20:52Z
188,73,$61.00 ,2023-11-22T09:20:39Z
189,26,$121.00 ,2024-04-24T06:11:20Z
190,1,$76.00 ,2023-11-23T07:05:39Z
191,67,$89.00 ,2023-11-01T04:48:28Z
192,79,$95.00 ,2023-10-31T05:01:24Z
193,13,$44.00 ,2023-11-15T23:30:22Z
194,76,$97.00 ,2023-10-13T05:27:58Z
195,71,$56.00 ,2024-01-31T00:16:40Z
196,80,$66.00 ,2023-10-17T09:38:34Z
197,56,$17.00 ,2024-03-11T04:29:48Z
198,23,$106.00 ,2023-11-24T09:14:24Z
199,33,$60.00 ,2024-05-02T04:03:30Z
200,53,$143.00 ,2023-11-07T22:11:08Z
201,83,$33.00 ,2023-12-16T05:49:52Z
202,29,$47.00 ,2024-05-17T06:04:14Z
203,79,$47.00 ,2024-01-24T04:14:48Z
204,38,$156.00 ,2023-11-11T00:27:49Z
205,26,$51.00 ,2023-12-08T20:26:33Z
206,8,$26.00 ,2024-02-03T10:45:23Z
207,58,$27.00 ,2023-12-31T04:43:25Z
208,80,$52.00 ,2023-10-10T22:33:57Z
209,76,$103.00 ,2023-10-24T02:50:23Z
210,20,$53.00 ,2023-10-26T15:20:57Z
211,50,$47.00 ,2023-11-16T13:00:29Z
212,34,$121.00 ,2024-03-30T00:08:23Z
213,73,$12.00 ,2023-10-25T08:41:36Z
214,21,$103.00 ,2024-03-08T22:34:32Z
215,70,$102.00 ,2024-04-21T00:04:33Z
216,93,$26.00 ,2023-10-28T10:54:23Z
217,77,$108.00 ,2024-02-06T00:46:41Z
218,92,$25.00 ,2023-11-22T22:14:11Z
219,81,$45.00 ,2024-03-13T02:39:48Z
220,15,$131.00 ,2024-03-11T15:19:16Z
221,85,$131.00 ,2024-04-03T02:43:22Z
222,72,$44.00 ,2023-10-18T08:33:22Z
223,97,$71.00 ,2023-10-19T12:49:50Z
224,4,$120.00 ,2023-12-03T02:00:35Z
225,9,$93.00 ,2024-04-25T17:10:43Z
226,20,$87.00 ,2024-04-10T05:15:47Z
227,99,$127.00 ,2024-02-27T01:41:35Z
228,58,$77.00 ,2023-10-19T08:00:26Z
229,17,$108.00 ,2024-05-09T20:51:12Z
230,98,$53.00 ,2023-12-24T11:34:35Z
231,40,$134.00 ,2024-05-13T10:24:49Z
232,14,$101.00 ,2023-11-27T02:48:24Z
233,36,$45.00 ,2023-11-14T07:42:45Z
234,79,$154.00 ,2023-12-19T17:19:09Z
235,91,$78.00 ,2024-05-22T18:46:29Z
236,23,$61.00 ,2023-11-03T15:27:52Z
237,24,$42.00 ,2023-11-26T19:47:44Z
238,24,$97.00 ,2024-02-12T01:03:07Z
239,14,$68.00 ,2023-11-17T01:20:26Z
240,18,$77.00 ,2023-10-12T17:38:46Z
241,49,$117.00 ,2024-05-14T14:23:41Z
242,55,$91.00 ,2023-12-08T02:40:42Z
243,12,$96.00 ,2024-04-14T20:16:24Z
244,41,$59.00 ,2023-12-13T05:31:22Z
245,17,$27.00 ,2024-05-08T11:31:47Z
246,95,$11.00 ,2024-01-02T06:33:36Z
247,71,$131.00 ,
248,98,$124.00 ,2024-02-20T18:52:47Z
249,75,$83.00 ,2024-04-13T06:59:21Z
250,52,$93.00 ,2024-05-12T10:21:54Z
251,96,$86.00 ,2024-04-15T17:18:01Z
252,12,$69.00 ,2024-02-17T12:13:49Z
253,1,$40.00 ,2023-10-28T20:30:54Z
254,98,$62.00 ,2024-05-23T17:37:20Z
255,39,$91.00 ,2024-05-14T01:50:00Z
256,94,$20.00 ,2024-02-02T06:54:57Z
257,48,$67.00 ,2024-04-09T05:38:20Z
258,49,$46.00 ,2024-02-02T13:10:28Z
259,79,$64.00 ,2023-12-17T01:32:42Z
260,48,$91.00 ,2023-12-12T03:41:30Z
261,75,$81.00 ,2024-01-27T05:16:01Z
262,49,$103.00 ,2024-01-16T07:52:42Z
263,95,$47.00 ,2023-11-22T03:40:03Z
264,9,$123.00 ,2023-10-27T12:37:51Z
265,22,$81.00 ,2023-12-21T03:35:35Z
266,30,$109.00 ,2023-10-26T13:42:12Z
267,24,$48.00 ,2023-12-14T20:35:34Z
268,44,$30.00 ,2024-02-23T06:09:32Z
269,41,$58.00 ,2024-04-28T01:01:31Z
270,83,$82.00 ,2024-05-27T20:16:26Z
271,11,$90.00 ,2024-04-01T07:39:15Z
272,5,$101.00 ,2023-10-27T15:46:35Z
273,9,$91.00 ,2024-05-16T09:11:55Z
274,39,$113.00 ,2023-12-19T13:27:37Z
275,89,$57.00 ,
276,26,$90.00 ,2024-02-17T21:13:56Z
277,74,$60.00 ,2024-01-17T11:34:11Z
278,50,$111.00 ,2024-03-31T15:55:55Z
279,31,$114.00 ,2023-11-19T08:50:20Z
280,20,$50.00 ,2024-05-26T09:53:44Z
281,34,$141.00 ,2024-03-26T10:16:32Z
282,43,$62.00 ,2024-03-16T12:35:48Z
283,75,$82.00 ,2023-11-26T08:45:56Z
284,88,$66.00 ,2024-04-25T01:44:08Z
285,63,$64.00 ,2023-11-01T03:51:36Z
286,22,$19.00 ,2024-01-15T06:53:52Z
287,75,$96.00 ,2024-04-07T06:20:34Z
288,66,$127.00 ,2024-05-27T07:19:05Z
289,62,$48.00 ,2023-10-29T13:46:05Z
290,48,$87.00 ,2024-04-25T20:01:55Z
291,33,$39.00 ,2024-03-02T11:03:04Z
292,89,$44.00 ,2024-05-02T21:00:49Z
293,41,$91.00 ,2024-02-12T04:20:00Z
294,11,$20.00 ,2024-01-24T18:33:39Z
295,22,$111.00 ,2024-03-30T04:45:57Z
296,78,$45.00 ,2024-02-12T19:54:22Z
297,4,$114.00 ,2024-05-07T08:25:51Z
298,9,$122.00 ,2023-11-17T14:07:57Z
299,78,$113.00 ,2024-04-28T02:50:31Z
300,59,$107.00 ,2024-04-23T10:08:29Z
301,74,$68.00 ,2024-02-16T03:45:50Z
302,23,$93.00 ,2024-04-01T17:17:25Z
303,61,$99.00 ,2023-10-17T11:53:42Z
304,78,$155.00 ,2024-05-10T23:40:58Z
305,11,$119.00 ,2024-05-14T11:48:56Z
306,52,$147.00 ,2024-03-23T15:12:27Z
307,41,$34.00 ,2024-01-10T11:21:20Z
308,100,$52.00 ,2023-11-18T06:42:24Z
309,88,$153.00 ,2023-12-13T19:23:51Z
310,41,$82.00 ,2024-03-10T09:42:30Z
311,82,$7.00 ,2024-01-28T03:40:16Z
312,9,$7.00 ,2024-03-30T14:38:10Z
313,63,$86.00 ,2023-12-19T22:50:24Z
314,13,$46.00 ,2024-03-30T14:15:17Z
315,18,$65.00 ,2024-02-11T21:49:43Z
316,65,$66.00 ,2024-02-02T21:02:00Z
317,52,$76.00 ,2024-03-30T15:40:53Z
318,46,$91.00 ,2024-01-21T06:15:10Z
319,65,$96.00 ,2024-04-23T19:24:50Z
320,80,$96.00 ,2024-04-21T16:33:48Z
321,74,$111.00 ,2024-05-10T07:47:02Z
322,27,$23.00 ,2023-12-04T13:37:29Z
323,94,$145.00 ,2024-04-21T02:20:03Z
324,46,$108.00 ,2024-03-24T09:15:51Z
325,26,$71.00 ,2023-10-18T21:36:16Z
326,84,$89.00 ,2024-02-03T08:53:57Z
327,64,$100.00 ,2023-11-26T20:18:39Z
328,26,$58.00 ,2024-02-03T22:09:57Z
329,17,$81.00 ,2024-04-18T12:01:13Z
330,72,$46.00 ,2023-12-21T08:35:04Z
331,18,$68.00 ,2024-01-02T17:23:48Z
332,17,$109.00 ,2023-12-10T17:58:25Z
333,30,$110.00 ,2024-01-30T04:32:43Z
334,79,$104.00 ,2024-03-27T00:26:46Z
335,97,$59.00 ,2023-11-06T04:28:13Z
336,53,$54.00 ,2024-03-11T07:09:50Z
337,19,$119.00 ,2023-10-25T05:25:07Z
338,61,$33.00 ,2024-04-29T17:53:17Z
339,100,$53.00 ,2023-10-21T07:41:12Z
340,87,$102.00 ,2024-01-31T06:50:10Z
341,41,$122.00 ,2024-03-03T22:48:29Z
342,26,$97.00 ,2024-03-16T09:48:52Z
343,72,$71.00 ,2023-10-31T15:57:11Z
344,95,$103.00 ,2023-11-11T01:06:33Z
345,5,$94.00 ,2023-12-04T13:57:14Z
346,62,$87.00 ,2024-02-19T11:39:09Z
347,15,$93.00 ,2024-03-15T09:46:31Z
348,5,$49.00 ,2024-04-01T22:59:06Z
349,84,$13.00 ,2024-05-09T21:54:08Z
350,12,$50.00 ,2024-01-26T06:49:01Z
351,55,$117.00 ,2023-12-24T19:53:48Z
352,37,$88.00 ,2023-10-20T01:09:13Z
353,39,$72.00 ,2024-02-28T08:58:57Z
354,27,$98.00 ,2023-12-01T06:28:19Z
355,29,$143.00 ,2023-12-02T02:24:55Z
356,2,$114.00 ,2024-01-27T11:53:06Z
357,78,$91.00 ,2024-03-21T02:05:50Z
358,74,$100.00 ,2024-01-19T08:50:29Z
359,63,$58.00 ,2024-01-01T23:17:47Z
360,79,$37.00 ,2024-04-22T19:33:43Z
361,26,$100.00 ,2024-02-18T16:46:02Z
362,88,$73.00 ,2023-12-17T02:32:57Z
363,3,$42.00 ,2023-12-06T23:58:43Z
364,11,$63.00 ,2023-10-03T08:19:09Z
365,40,$48.00 ,2024-01-29T10:30:00Z
366,95,$146.00 ,2023-12-24T19:55:08Z
367,70,$24.00 ,2023-10-31T01:50:35Z
368,55,$147.00 ,2024-01-15T19:16:31Z
369,44,$40.00 ,2024-02-23T13:48:56Z
370,83,$132.00 ,2024-05-29T01:53:46Z
371,19,$72.00 ,2024-03-10T03:42:14Z
372,80,$54.00 ,2023-10-20T20:40:10Z
373,58,$24.00 ,2024-05-06T22:42:11Z
374,56,$112.00 ,2024-04-19T19:45:03Z
375,30,$91.00 ,2023-11-14T07:29:24Z
376,84,$41.00 ,2023-10-12T11:54:50Z
377,50,$115.00 ,2024-05-20T07:26:57Z
378,73,$131.00 ,2024-02-09T03:58:16Z
379,14,$51.00 ,2023-11-09T03:39:37Z
380,10,$72.00 ,2024-01-05T20:43:53Z
381,88,$88.00 ,2023-11-25T17:02:24Z
382,79,$96.00 ,2023-10-21T21:56:50Z
383,68,$89.00 ,2023-10-17T04:44:05Z
384,35,$15.00 ,2023-10-07T20:27:43Z
385,48,$111.00 ,2024-04-11T17:28:16Z
386,61,$60.00 ,2024-04-08T08:27:21Z
387,96,$13.00 ,2024-02-16T21:36:56Z
388,38,$60.00 ,2024-02-23T18:53:09Z
389,66,$91.00 ,2024-04-03T06:44:50Z
390,60,$104.00 ,2024-04-30T16:26:33Z
391,45,$76.00 ,2024-03-17T03:08:32Z
392,6,$115.00 ,2024-02-25T03:00:57Z
393,25,$81.00 ,2023-10-14T12:10:40Z
394,57,$124.00 ,2024-05-01T22:52:09Z
395,80,$123.00 ,2023-11-20T03:20:06Z
396,12,$111.00 ,2023-12-02T12:07:18Z
397,41,$79.00 ,2024-04-08T08:27:56Z
398,67,$113.00 ,2024-04-30T00:57:00Z
399,15,$35.00 ,2024-02-09T10:31:34Z
400,100,$85.00 ,2024-02-21T14:28:04Z
401,33,$86.00 ,2024-03-15T08:46:18Z
402,85,$45.00 ,2023-10-05T02:24:46Z
403,17,$82.00 ,2024-01-11T02:08:54Z
404,8,$97.00 ,2024-01-22T18:09:33Z
405,45,$114.00 ,2023-11-06T15:09:33Z
406,42,$80.00 ,2024-03-18T01:37:58Z
407,86,$51.00 ,2024-05-03T03:50:53Z
408,55,$118.00 ,2024-04-16T16:36:42Z
409,97,$129.00 ,2023-12-12T09:18:38Z
410,86,$71.00 ,2024-04-26T05:46:03Z
411,68,$85.00 ,2023-12-25T11:42:12Z
412,21,$114.00 ,2024-02-20T06:08:53Z
413,56,$62.00 ,2024-03-23T12:14:06Z
414,32,$74.00 ,2023-10-20T16:38:18Z
415,45,$89.00 ,2024-04-08T02:02:38Z
416,15,$36.00 ,2023-11-02T10:44:59Z
417,6,$89.00 ,2023-11-29T06:06:45Z
418,78,$67.00 ,2023-10-25T07:28:16Z
419,53,$45.00 ,2023-12-25T14:30:22Z
420,43,$76.00 ,2024-03-27T05:22:48Z
421,64,$92.00 ,
422,82,$145.00 ,2024-03-13T13:21:43Z
423,84,$65.00 ,2023-11-28T10:07:56Z
424,89,$68.00 ,2024-01-27T21:18:57Z
425,71,$81.00 ,2024-05-11T14:43:51Z
426,72,$112.00 ,2024-01-21T05:12:23Z
427,98,$72.00 ,2024-02-09T13:47:19Z
428,14,$73.00 ,2023-11-25T23:16:47Z
429,82,$42.00 ,2023-11-05T12:25:21Z
430,51,$17.00 ,2024-01-13T08:30:38Z
431,37,$27.00 ,
432,59,$33.00 ,2024-02-25T05:14:58Z
433,78,$109.00 ,2024-01-22T07:52:28Z
434,4,$135.00 ,2024-05-10T15:12:05Z
435,81,$71.00 ,2024-02-29T13:15:31Z
436,86,$106.00 ,2024-02-25T13:40:42Z
437,32,$121.00 ,2023-10-19T17:30:57Z
438,60,$9.00 ,2023-11-26T18:12:14Z
439,31,$104.00 ,2024-02-07T13:54:59Z
440,32,$84.00 ,2024-03-05T07:23:05Z
441,37,$117.00 ,2024-01-14T14:08:38Z
442,25,$41.00 ,2024-04-17T22:46:47Z
443,35,$95.00 ,2024-04-13T18:48:32Z
444,44,$91.00 ,2023-11-10T07:18:08Z
445,15,$66.00 ,2023-11-26T03:40:22Z
446,59,$79.00 ,2024-04-27T23:26:54Z
447,15,$85.00 ,2024-03-11T05:32:15Z
448,91,$15.00 ,2024-05-02T05:51:55Z
449,70,$63.00 ,2024-03-25T00:27:22Z
450,9,$43.00 ,2024-02-22T09:49:54Z
451,72,$94.00 ,2024-02-09T09:55:45Z
452,35,$7.00 ,2023-10-30T23:31:40Z
453,28,$20.00 ,2024-01-14T20:52:47Z
454,65,$100.00 ,2024-03-06T22:52:13Z
455,30,$123.00 ,2024-01-31T10:28:13Z
456,78,$70.00 ,2024-03-20T15:38:47Z
457,5,$109.00 ,2024-04-24T04:50:45Z
458,70,$69.00 ,2023-10-17T01:36:48Z
459,66,$68.00 ,2023-10-28T03:49:21Z
460,25,$24.00 ,2024-05-27T05:42:16Z
461,76,$114.00 ,2024-04-08T17:49:11Z
462,38,$86.00 ,2023-12-04T05:01:20Z
463,99,$123.00 ,2023-10-18T14:23:21Z
464,23,$35.00 ,2023-12-21T10:54:10Z
465,80,$89.00 ,2024-01-31T11:34:31Z
466,79,$86.00 ,2024-03-17T04:35:45Z
467,45,$141.00 ,2023-11-24T17:34:13Z
468,82,$124.00 ,2023-10-29T20:05:36Z
469,66,$92.00 ,2024-04-11T04:55:37Z
470,97,$87.00 ,2023-11-02T03:00:03Z
471,95,$127.00 ,2024-02-16T21:25:19Z
472,41,$125.00 ,2024-02-25T18:15:41Z
473,85,$94.00 ,2024-02-16T11:13:33Z
474,5,$130.00 ,2024-02-12T11:07:58Z
475,45,$102.00 ,2024-05-18T14:07:44Z
476,50,$66.00 ,2023-11-09T18:29:53Z
477,34,$118.00 ,2024-03-19T18:34:30Z
478,79,$58.00 ,2024-02-04T09:03:40Z
479,24,$47.00 ,2024-03-24T07:58:29Z
480,39,$107.00 ,2023-12-22T13:38:56Z
481,34,$121.00 ,2023-10-06T05:14:45Z
482,37,$77.00 ,2024-05-01T21:03:06Z
483,94,$19.00 ,2023-10-13T11:44:35Z
484,1,$58.00 ,2023-10-11T03:57:50Z
485,11,$82.00 ,2024-02-11T15:58:21Z
486,75,$11.00 ,2023-12-05T05:46:05Z
487,17,$102.00 ,2024-02-24T15:27:02Z
488,3,$75.00 ,2024-04-18T05:06:41Z
489,5,$37.00 ,2024-02-22T19:02:35Z
490,85,$123.00 ,2023-12-29T15:18:07Z
491,83,$58.00 ,2024-05-19T19:20:41Z
492,11,$32.00 ,2024-03-30T17:50:59Z
493,8,$39.00 ,2024-02-13T21:15:46Z
494,86,$136.00 ,2024-04-26T10:10:49Z
495,48,$69.00 ,2024-01-04T02:11:48Z
496,19,$94.00 ,2024-05-20T19:23:55Z
497,48,$107.00 ,2023-10-11T04:16:25Z
498,39,$103.00 ,2024-04-02T11:33:37Z
499,79,$112.00 ,2024-03-13T09:53:39Z
500,24,$112.00 ,2024-01-04T11:46:44Z
501,10,$106.00 ,2024-02-21T05:17:05Z
502,30,$136.00 ,2024-01-05T05:47:49Z
503,33,$136.00 ,2023-11-01T19:00:54Z
504,1,$108.00 ,2023-11-27T18:12:13Z
505,12,$130.00 ,2023-11-15T12:52:44Z
506,27,$103.00 ,2024-01-29T06:15:27Z
507,17,$91.00 ,2024-04-13T05:02:49Z
508,74,$65.00 ,2024-01-30T21:34:38Z
509,50,$97.00 ,2024-05-21T05:31:27Z
510,7,$107.00 ,2024-01-23T17:41:08Z
511,38,$36.00 ,2023-11-13T10:56:50Z
512,55,$105.00 ,2024-05-18T18:52:17Z
513,32,$117.00 ,2024-01-06T15:16:56Z
514,18,$71.00 ,2024-05-18T03:13:33Z
515,98,$68.00 ,2023-10-09T00:40:11Z
516,81,$102.00 ,2024-03-21T16:09:36Z
517,43,$118.00 ,2024-03-31T10:34:23Z
518,39,$41.00 ,2023-11-29T11:51:28Z
519,94,$82.00 ,2024-01-30T05:17:15Z
520,54,$73.00 ,2023-12-09T11:13:43Z
521,37,$114.00 ,2024-01-15T16:11:36Z
522,33,$126.00 ,2024-05-18T21:50:42Z
523,39,$94.00 ,2023-11-17T23:48:06Z
524,82,$64.00 ,2024-01-20T08:48:07Z
525,63,$119.00 ,2024-01-12T00:32:56Z
526,55,$91.00 ,2023-12-20T05:59:34Z
527,52,$129.00 ,2024-03-20T06:45:37Z
528,64,$78.00 ,2023-11-25T22:11:06Z
529,53,$74.00 ,2024-04-05T10:29:52Z
530,54,$40.00 ,2024-01-05T18:09:47Z
531,17,$43.00 ,2024-02-28T08:02:49Z
532,75,$99.00 ,2023-10-26T17:44:38Z
533,91,$112.00 ,2023-11-08T21:28:42Z
534,51,$38.00 ,2024-04-20T23:36:28Z
535,47,$64.00 ,2024-02-19T23:20:19Z
536,95,$87.00 ,2023-12-13T07:00:01Z
537,26,$52.00 ,2023-11-03T20:00:47Z
538,74,$74.00 ,2023-10-17T12:21:46Z
539,26,$65.00 ,
540,70,$28.00 ,2023-11-14T01:28:33Z
541,91,$50.00 ,2023-11-13T09:00:47Z
542,11,$72.00 ,2024-04-23T20:24:43Z
543,20,$68.00 ,2023-10-28T00:17:13Z
544,25,$52.00 ,2024-04-22T04:11:46Z
545,42,$78.00 ,2023-12-24T00:06:54Z
546,93,$55.00 ,2023-12-10T22:39:20Z
547,26,$91.00 ,2024-02-04T01:52:45Z
548,84,$67.00 ,2024-02-13T11:14:47Z
549,19,$61.00 ,2023-12-15T19:19:07Z
550,57,$124.00 ,2023-11-28T17:08:15Z
551,100,$9.00 ,2023-10-19T13:03:06Z
552,57,$90.00 ,2024-04-07T13:35:49Z
553,8,$7.00 ,2024-04-11T15:03:37Z
554,80,$82.00 ,2024-05-17T02:28:36Z
555,52,$42.00 ,2023-10-12T21:47:55Z
556,93,$101.00 ,2023-12-06T07:16:18Z
557,70,$116.00 ,2023-12-12T05:03:34Z
558,49,$83.00 ,2023-11-21T23:10:42Z
559,72,$16.00 ,2024-02-10T15:21:38Z
560,5,$122.00 ,2023-10-30T09:16:15Z
561,11,$130.00 ,2024-02-21T16:58:37Z
562,29,$43.00 ,2024-02-19T07:38:21Z
563,44,$56.00 ,2023-12-24T21:26:24Z
564,86,$44.00 ,2023-12-12T09:07:46Z
565,92,$54.00 ,2023-10-09T03:34:17Z
566,82,$24.00 ,2023-11-07T18:39:45Z
567,76,$101.00 ,
568,55,$71.00 ,2023-10-03T03:29:50Z
569,82,$46.00 ,2023-12-15T13:20:17Z
570,8,$44.00 ,2024-02-20T01:39:58Z
571,99,$85.00 ,2023-12-03T21:19:09Z
572,1,$90.00 ,2024-02-25T16:35:46Z
573,50,$65.00 ,2023-11-27T13:42:33Z
574,12,$75.00 ,2023-11-01T17:42:34Z
575,40,$95.00 ,2024-03-06T13:02:18Z
576,96,$73.00 ,2023-11-29T12:21:19Z
577,91,$25.00 ,2024-04-15T20:46:16Z
578,19,$67.00 ,2024-03-21T22:06:09Z
579,51,$58.00 ,2024-03-12T01:30:52Z
580,14,$121.00 ,
581,8,$69.00 ,2023-12-14T07:47:57Z
582,73,$81.00 ,2023-10-13T04:27:13Z
583,69,$24.00 ,2024-01-22T08:41:42Z
584,52,$102.00 ,2023-11-24T00:16:31Z
585,67,$113.00 ,2024-01-30T13:19:23Z
586,86,$151.00 ,2024-02-08T06:07:31Z
587,84,$52.00 ,2023-12-31T15:38:13Z
588,1,$29.00 ,2024-02-03T22:34:32Z
589,59,$59.00 ,2024-01-14T08:19:41Z
590,20,$85.00 ,2023-11-08T02:21:40Z
591,63,$36.00 ,2024-05-19T00:53:50Z
592,100,$57.00 ,2024-01-12T16:39:37Z
593,89,$71.00 ,2023-12-14T13:36:52Z
594,85,$91.00 ,2023-10-14T13:02:45Z
595,64,$92.00 ,2024-01-13T11:26:42Z
596,37,$45.00 ,2024-04-04T22:18:21Z
597,91,$13.00 ,2024-01-30T15:56:46Z
598,75,$108.00 ,2023-11-13T16:44:25Z
599,8,$96.00 ,2024-02-01T14:32:23Z
600,41,$84.00 ,2023-12-25T08:10:52Z
601,76,$86.00 ,2023-10-20T23:03:27Z
602,53,$128.00 ,2023-10-20T21:26:38Z
603,11,$82.00 ,2023-11-27T23:04:22Z
604,1,$42.00 ,2024-05-01T17:18:41Z
605,14,$125.00 ,2023-11-01T10:33:57Z
606,69,$112.00 ,2024-05-16T00:10:40Z
607,61,$29.00 ,2024-02-24T04:35:53Z
608,65,$103.00 ,2023-12-01T09:58:21Z
609,53,$123.00 ,2024-05-22T11:06:26Z
610,5,$72.00 ,2023-11-09T05:05:37Z
611,83,$109.00 ,2023-11-20T12:25:59Z
612,13,$64.00 ,2024-01-10T08:03:48Z
613,81,$126.00 ,2023-11-10T10:51:51Z
614,95,$55.00 ,2024-03-04T14:02:56Z
615,17,$52.00 ,2023-10-29T11:16:18Z
616,21,$50.00 ,2023-12-20T01:33:32Z
617,3,$130.00 ,2024-05-29T09:45:53Z
618,62,$123.00 ,2023-12-19T01:52:24Z
619,96,$71.00 ,2023-10-20T22:56:39Z
620,16,$81.00 ,2023-12-18T18:38:46Z
621,25,$45.00 ,2024-05-08T17:04:11Z
622,42,$99.00 ,2023-10-12T00:20:54Z
623,81,$122.00 ,2023-11-21T15:19:39Z
624,94,$128.00 ,2024-01-08T08:54:41Z
625,19,$109.00 ,2024-04-26T03:30:06Z
626,24,$100.00 ,2024-03-13T08:31:58Z
627,47,$65.00 ,2023-11-19T08:19:35Z
628,20,$51.00 ,2023-10-22T00:35:16Z
629,41,$74.00 ,2024-02-07T01:17:58Z
630,1,$77.00 ,2023-10-19T12:00:21Z
631,20,$53.00 ,2024-01-10T09:02:08Z
632,53,$51.00 ,2023-12-25T15:52:21Z
633,80,$100.00 ,2024-04-25T19:06:52Z
634,97,$125.00 ,2024-05-12T17:52:05Z
635,67,$24.00 ,2024-01-20T07:17:03Z
636,33,$97.00 ,2024-03-03T09:57:35Z
637,37,$88.00 ,2023-12-22T08:00:04Z
638,75,$80.00 ,2024-04-30T10:17:45Z
639,56,$91.00 ,2024-01-21T08:09:59Z
640,72,$68.00 ,2024-03-15T19:05:07Z
641,70,$102.00 ,2023-11-19T04:08:21Z
642,3,$27.00 ,2024-03-15T14:51:14Z
643,25,$32.00 ,2024-02-29T13:20:26Z
644,17,$64.00 ,2023-10-26T19:47:02Z
645,86,$98.00 ,2024-04-23T03:23:55Z
646,39,$76.00 ,2023-11-08T14:27:08Z
647,34,$26.00 ,2024-02-21T05:43:37Z
648,10,$95.00 ,2024-02-29T03:31:10Z
649,3,$24.00 ,2023-10-23T06:31:41Z
650,42,$99.00 ,2024-04-15T18:22:22Z
651,87,$99.00 ,2023-10-16T16:49:29Z
652,54,$132.00 ,2024-01-12T04:46:46Z
653,24,$73.00 ,2024-04-15T21:05:35Z
654,30,$93.00 ,2023-11-11T01:18:24Z
655,99,$124.00 ,2024-05-08T13:39:24Z
656,50,$66.00 ,2024-05-24T16:43:29Z
657,82,$122.00 ,2024-05-14T02:15:02Z
658,19,$146.00 ,2024-04-17T03:56:50Z
659,47,$106.00 ,2023-12-20T07:46:59Z
660,60,$43.00 ,
661,30,$53.00 ,2024-04-05T18:09:37Z
662,98,$54.00 ,2023-10-09T06:49:55Z
663,68,$46.00 ,2023-11-25T00:38:14Z
664,99,$43.00 ,2024-01-09T08:37:44Z
665,95,$141.00 ,2024-01-17T11:19:57Z
666,18,$95.00 ,2024-05-04T04:58:18Z
667,9,$41.00 ,2024-05-12T20:10:25Z
668,5,$124.00 ,2023-10-06T07:45:55Z
669,9,$31.00 ,2024-05-13T06:57:43Z
670,94,$106.00 ,2024-05-22T19:18:43Z
671,69,$124.00 ,
672,31,$132.00 ,2024-01-14T00:45:59Z
673,44,$115.00 ,2024-04-17T07:39:16Z
674,97,$70.00 ,2023-11-08T14:19:45Z
675,76,$110.00 ,2023-12-24T23:30:19Z
676,84,$14.00 ,2024-05-22T00:04:18Z
677,34,$43.00 ,2024-04-22T21:10:04Z
678,13,$75.00 ,2024-01-19T23:44:52Z
679,72,$75.00 ,2024-01-06T11:36:08Z
680,46,$141.00 ,2023-11-13T22:34:20Z
681,4,$63.00 ,2024-02-13T09:22:02Z
682,29,$73.00 ,2024-03-28T22:39:19Z
683,34,$53.00 ,2023-11-06T22:31:50Z
684,2,$32.00 ,
685,79,$57.00 ,2023-11-11T23:50:01Z
686,38,$103.00 ,2024-01-01T17:51:25Z
687,25,$100.00 ,2024-05-30T10:43:24Z
688,95,$39.00 ,2023-12-14T13:53:34Z
689,76,$101.00 ,2024-03-08T18:19:00Z
690,51,$7.00 ,2024-02-04T17:47:49Z
691,78,$48.00 ,2024-05-05T23:09:30Z
692,65,$24.00 ,2024-01-20T06:03:09Z
693,82,$54.00 ,2024-01-05T02:05:49Z
694,13,$90.00 ,2024-04-29T13:51:44Z
695,89,$97.00 ,2024-04-16T22:46:09Z
696,67,$91.00 ,2024-05-17T18:40:05Z
697,28,$21.00 ,2024-04-21T21:53:01Z
698,17,$51.00 ,2023-11-05T23:36:29Z
699,97,$122.00 ,2024-03-13T07:22:06Z
700,81,$79.00 ,2024-03-09T12:19:47Z
701,78,$64.00 ,2023-12-05T22:06:44Z
702,38,$27.00 ,2024-04-07T10:32:36Z
703,1,$104.00 ,2024-02-23T05:35:25Z
704,49,$134.00 ,2024-05-10T23:02:15Z
705,96,$123.00 ,2024-03-06T07:32:00Z
706,40,$94.00 ,2023-11-28T20:55:31Z
707,50,$50.00 ,2024-02-01T17:25:16Z
708,54,$101.00 ,2024-03-28T04:18:42Z
709,98,$88.00 ,2023-10-29T17:02:08Z
710,94,$24.00 ,2024-02-03T15:28:16Z
711,77,$81.00 ,2023-12-13T16:29:32Z
712,100,$36.00 ,2023-10-05T15:45:02Z
713,90,$37.00 ,2023-10-24T07:01:25Z
714,27,$61.00 ,2024-03-22T14:02:38Z
715,58,$112.00 ,2024-05-07T01:38:01Z
716,24,$77.00 ,2024-03-08T18:57:50Z
717,28,$33.00 ,2024-05-21T12:05:15Z
718,55,$86.00 ,2023-12-31T06:09:43Z
719,78,$78.00 ,2023-12-07T02:22:46Z
720,10,$113.00 ,2024-03-19T10:41:17Z
721,27,$111.00 ,2024-05-12T18:43:50Z
722,47,$75.00 ,2024-03-27T15:44:04Z
723,34,$90.00 ,2024-04-21T04:24:04Z
724,62,$120.00 ,2024-04-30T18:02:22Z
725,45,$119.00 ,2024-03-27T09:49:36Z
726,58,$127.00 ,2024-02-10T17:58:13Z
727,10,$78.00 ,2023-11-19T20:25:08Z
728,58,$12.00 ,2023-12-16T19:58:34Z
729,22,$134.00 ,2023-11-20T01:23:09Z
730,9,$87.00 ,2024-05-06T05:44:34Z
731,84,$95.00 ,2023-10-14T12:30:10Z
732,58,$110.00 ,2024-02-14T02:02:58Z
733,30,$91.00 ,2024-03-24T20:51:43Z
734,4,$145.00 ,2024-01-31T05:49:50Z
735,41,$60.00 ,2023-11-08T05:02:03Z
736,24,$137.00 ,2024-01-15T02:45:01Z
737,13,$148.00 ,2024-01-02T14:23:22Z
738,5,$154.00 ,2024-04-05T03:39:47Z
739,49,$57.00 ,2024-01-31T10:42:41Z
740,34,$118.00 ,2023-11-18T09:10:00Z
741,6,$37.00 ,2023-10-26T17:29:00Z
742,28,$11.00 ,2024-01-06T10:50:32Z
743,24,$52.00 ,2024-01-05T07:15:39Z
744,12,$73.00 ,2024-03-02T18:57:08Z
745,75,$85.00 ,2024-04-01T04:35:23Z
746,71,$141.00 ,2024-02-06T07:16:01Z
747,47,$63.00 ,2023-10-19T07:14:36Z
748,45,$29.00 ,2024-04-09T19:12:01Z
749,63,$81.00 ,2024-01-17T02:09:05Z
750,16,$107.00 ,2024-01-12T22:14:16Z
751,63,$39.00 ,2023-11-26T00:30:15Z
752,93,$111.00 ,2023-11-03T23:28:42Z
753,21,$24.00 ,2024-05-22T03:57:09Z
754,67,$91.00 ,2023-10-29T10:53:33Z
755,62,$75.00 ,2023-12-02T21:23:03Z
756,14,$65.00 ,2024-05-30T19:44:28Z
757,81,$102.00 ,2023-11-24T00:47:48Z
758,33,$53.00 ,2023-10-04T23:39:05Z
759,4,$105.00 ,2023-12-11T14:45:13Z
760,63,$83.00 ,2023-11-05T07:58:42Z
761,89,$79.00 ,2024-04-13T04:31:08Z
762,62,$47.00 ,2024-05-20T11:04:57Z
763,38,$59.00 ,2023-10-13T11:41:38Z
764,65,$89.00 ,2024-03-31T15:30:21Z
765,20,$39.00 ,2024-02-12T23:57:34Z
766,39,$90.00 ,2024-04-13T10:27:43Z
767,55,$132.00 ,2024-01-31T11:37:19Z
768,48,$128.00 ,2024-05-20T03:39:11Z
769,76,$82.00 ,2023-11-18T09:34:43Z
770,71,$42.00 ,2024-03-20T07:33:56Z
771,74,$85.00 ,2024-01-03T06:24:54Z
772,95,$101.00 ,2023-11-25T12:56:53Z
773,44,$59.00 ,2024-02-23T09:13:57Z
774,12,$50.00 ,2023-10-20T01:40:37Z
775,10,$57.00 ,2023-11-12T09:53:06Z
776,57,$79.00 ,2023-11-16T20:58:12Z
777,5,$73.00 ,2024-05-23T02:14:12Z
778,46,$98.00 ,2024-02-03T09:27:35Z
779,20,$90.00 ,2024-05-11T13:54:30Z
780,93,$111.00 ,2024-03-14T13:32:48Z
781,90,$33.00 ,2023-11-13T22:37:43Z
782,55,$51.00 ,2023-11-03T01:21:41Z
783,57,$137.00 ,2024-02-15T09:01:42Z
784,81,$68.00 ,2023-12-10T04:24:23Z
785,95,$39.00 ,2024-03-15T18:41:10Z
786,39,$90.00 ,2023-12-17T17:58:39Z
787,86,$117.00 ,2024-02-29T23:12:33Z
788,28,$43.00 ,2024-01-31T01:57:25Z
789,16,$86.00 ,2023-12-19T23:41:03Z
790,41,$79.00 ,2024-03-18T19:45:00Z
791,45,$37.00 ,2023-12-10T04:16:26Z
792,29,$122.00 ,2023-10-20T16:45:50Z
793,83,$87.00 ,2023-10-10T14:57:52Z
794,49,$87.00 ,2023-10-29T00:57:23Z
795,16,$1.00 ,2023-10-03T07:13:11Z
796,3,$80.00 ,2023-12-28T00:53:49Z
797,9,$88.00 ,2023-10-25T12:46:48Z
798,32,$107.00 ,2024-04-01T07:51:32Z
799,46,$40.00 ,2023-10-12T17:10:01Z
800,61,$146.00 ,2024-05-23T14:06:30Z
801,30,$112.00 ,2023-11-05T12:37:48Z
802,87,$103.00 ,2023-12-27T14:52:23Z
803,40,$6.00 ,2024-01-08T10:46:06Z
804,14,$75.00 ,2024-01-30T16:15:07Z
805,91,$24.00 ,2023-12-11T15:25:30Z
806,79,$95.00 ,2024-01-24T06:45:07Z
807,99,$114.00 ,2024-02-17T22:11:38Z
808,60,$131.00 ,2023-12-25T07:28:19Z
809,56,$47.00 ,2023-11-15T02:00:00Z
810,80,$76.00 ,2024-05-26T14:38:39Z
811,36,$102.00 ,2024-03-20T17:32:48Z
812,22,$52.00 ,2024-03-12T08:11:05Z
813,74,$92.00 ,2024-02-09T17:06:36Z
814,58,$121.00 ,2023-12-12T03:19:32Z
815,21,$72.00 ,2023-11-22T17:28:10Z
816,74,$38.00 ,2024-01-25T08:09:13Z
817,27,$55.00 ,2023-11-10T16:44:47Z
818,66,$67.00 ,2023-11-30T11:51:22Z
819,47,$108.00 ,2024-02-02T20:08:14Z
820,58,$57.00 ,2023-12-09T11:09:21Z
821,32,$91.00 ,2023-11-20T03:37:18Z
822,89,$57.00 ,2023-10-03T13:06:09Z
823,40,$36.00 ,2023-10-22T01:55:09Z
824,96,$149.00 ,2023-10-11T05:29:14Z
825,67,$59.00 ,2024-05-13T00:52:29Z
826,10,$48.00 ,2023-12-03T01:11:06Z
827,54,$123.00 ,2023-11-06T00:34:58Z
828,64,$100.00 ,2024-01-30T11:45:00Z
829,48,$113.00 ,2024-04-12T08:05:23Z
830,75,$98.00 ,2023-10-16T01:55:12Z
831,86,$64.00 ,2024-03-12T09:57:49Z
832,81,$105.00 ,2024-03-03T21:19:38Z
833,34,$61.00 ,2024-02-04T02:25:16Z
834,59,$126.00 ,2024-02-29T00:37:58Z
835,36,$132.00 ,2024-04-27T04:03:17Z
836,90,$20.00 ,2024-01-14T18:03:50Z
837,91,$109.00 ,2024-05-28T02:00:38Z
838,34,$90.00 ,2024-01-12T19:32:23Z
839,92,$123.00 ,2023-10-10T18:12:42Z
840,11,$79.00 ,2024-04-05T20:14:40Z
841,52,$104.00 ,2023-10-23T00:17:01Z
842,36,$25.00 ,2024-04-20T18:04:03Z
843,15,$75.00 ,2024-02-25T20:00:33Z
844,8,$72.00 ,2024-04-22T21:50:45Z
845,31,$53.00 ,2024-05-03T03:06:17Z
846,63,$28.00 ,2023-11-05T13:40:34Z
847,44,$108.00 ,2024-02-04T06:07:43Z
848,68,$72.00 ,2023-11-12T19:07:28Z
849,30,$28.00 ,2023-12-22T02:12:11Z
850,55,$92.00 ,2023-12-24T02:28:04Z
851,29,$76.00 ,2023-10-04T03:12:46Z
852,27,$88.00 ,2024-02-20T01:44:06Z
853,8,$53.00 ,2024-03-09T06:00:22Z
854,44,$113.00 ,2024-02-26T10:40:58Z
855,91,$63.00 ,2024-01-29T12:47:57Z
856,82,$58.00 ,2024-01-16T15:44:17Z
857,41,$152.00 ,2023-11-30T23:13:56Z
858,51,$103.00 ,2024-01-29T14:18:45Z
859,4,$45.00 ,2024-02-13T02:50:11Z
860,96,$91.00 ,2023-10-11T17:17:09Z
861,74,$96.00 ,2023-10-14T18:10:05Z
862,56,$89.00 ,2024-01-28T02:17:21Z
863,6,$61.00 ,2024-01-30T05:08:26Z
864,30,$55.00 ,2024-02-13T05:46:30Z
865,55,$76.00 ,2023-12-30T00:58:01Z
866,48,$123.00 ,2024-01-31T11:02:46Z
867,78,$155.00 ,2024-03-02T01:07:31Z
868,9,$103.00 ,2023-10-06T17:06:04Z
869,97,$113.00 ,2024-05-12T15:32:47Z
870,94,$98.00 ,2024-05-28T16:56:32Z
871,97,$4.00 ,2024-01-02T05:33:00Z
872,14,$27.00 ,2024-05-15T17:57:21Z
873,61,$142.00 ,2024-04-10T13:24:40Z
874,31,$33.00 ,2023-10-27T09:23:07Z
875,96,$117.00 ,2024-03-06T16:27:16Z
876,38,$57.00 ,2024-03-22T01:56:30Z
877,96,$66.00 ,2023-12-16T10:12:32Z
878,98,$96.00 ,2024-05-18T06:48:10Z
879,24,$154.00 ,2023-10-21T09:29:34Z
880,77,$57.00 ,2024-01-06T23:52:49Z
881,40,$94.00 ,2023-11-30T04:22:05Z
882,13,$89.00 ,2024-02-13T00:51:09Z
883,16,$66.00 ,2024-05-12T09:45:41Z
884,59,$49.00 ,2023-10-12T13:14:44Z
885,32,$140.00 ,2024-02-01T05:30:14Z
886,17,$66.00 ,2023-11-29T03:07:26Z
887,64,$71.00 ,2023-10-25T17:53:45Z
888,73,$15.00 ,2024-05-20T09:13:13Z
889,51,$103.00 ,2023-12-25T11:43:38Z
890,32,$34.00 ,2023-11-22T21:31:51Z
891,45,$113.00 ,2023-10-26T22:29:23Z
892,55,$80.00 ,2023-11-18T19:28:46Z
893,88,$47.00 ,2023-10-07T04:42:32Z
894,14,$100.00 ,2024-01-09T03:25:57Z
895,36,$72.00 ,2023-11-13T15:47:22Z
896,19,$94.00 ,2024-05-11T09:43:38Z
897,17,$112.00 ,2023-12-16T09:09:14Z
898,86,$125.00 ,2024-04-12T22:20:49Z
899,43,$110.00 ,2024-02-12T22:03:45Z
900,35,$152.00 ,2023-11-17T12:44:56Z
901,94,$102.00 ,2024-03-07T01:54:23Z
902,19,$82.00 ,2024-05-21T22:52:51Z
903,34,$129.00 ,2023-11-27T16:43:40Z
904,43,$41.00 ,2024-03-19T21:08:14Z
905,56,$53.00 ,2024-04-21T05:13:37Z
906,53,$73.00 ,2023-10-19T12:50:42Z
907,69,$81.00 ,2023-12-31T04:46:36Z
908,37,$119.00 ,2023-10-27T03:35:53Z
909,28,$65.00 ,2023-12-02T14:38:00Z
910,22,$15.00 ,2023-11-01T19:50:55Z
911,88,$28.00 ,2023-11-29T09:52:42Z
912,92,$28.00 ,2023-10-29T15:04:34Z
913,34,$100.00 ,2023-11-27T19:47:30Z
914,50,$100.00 ,2024-01-09T12:29:47Z
915,92,$106.00 ,2024-03-04T20:23:32Z
916,48,$90.00 ,2024-02-19T02:57:32Z
917,48,$112.00 ,2023-11-02T02:13:39Z
918,46,$35.00 ,2023-11-28T22:05:38Z
919,46,$69.00 ,2024-03-12T11:01:07Z
920,81,$87.00 ,2024-05-05T22:29:33Z
921,31,$34.00 ,2024-04-23T16:57:19Z
922,10,$65.00 ,2024-04-23T18:12:42Z
923,54,$68.00 ,2024-02-28T09:16:01Z
924,99,$51.00 ,2024-05-08T04:10:11Z
925,32,$72.00 ,2023-12-23T11:52:53Z
926,5,$55.00 ,2023-11-28T15:14:01Z
927,18,$43.00 ,2024-04-19T16:42:40Z
928,51,$77.00 ,2024-03-09T22:34:25Z
929,97,$31.00 ,2023-10-24T23:07:06Z
930,3,$80.00 ,2024-05-15T14:29:26Z
931,48,$61.00 ,2024-01-23T08:53:54Z
932,45,$112.00 ,2024-03-07T18:59:17Z
933,29,$54.00 ,2023-10-20T02:50:20Z
934,46,$122.00 ,2023-12-24T15:17:34Z
935,17,$61.00 ,2024-01-02T16:25:52Z
936,51,$74.00 ,2024-03-28T03:44:31Z
937,41,$75.00 ,2023-11-01T00:42:44Z
938,82,$116.00 ,2024-01-18T21:30:47Z
939,99,$114.00 ,2023-10-26T02:35:25Z
940,68,$144.00 ,2023-10-29T13:30:14Z
941,87,$50.00 ,2023-10-24T18:43:44Z
942,3,$88.00 ,2024-03-16T00:18:51Z
943,71,$117.00 ,2024-03-09T05:18:20Z
944,76,$38.00 ,2023-10-14T00:38:12Z
945,33,$132.00 ,2024-02-09T03:19:19Z
946,85,$69.00 ,2023-12-13T00:14:07Z
947,92,$32.00 ,2023-11-06T02:54:36Z
948,62,$79.00 ,2023-11-30T09:57:01Z
949,91,$17.00 ,2024-03-23T00:12:09Z
950,64,$100.00 ,2024-04-01T17:57:24Z
951,52,$51.00 ,2023-11-07T22:14:24Z
952,85,$56.00 ,2024-04-21T15:43:17Z
953,49,$89.00 ,2024-05-06T03:48:54Z
954,52,$67.00 ,2023-11-06T03:50:16Z
955,100,$137.00 ,2023-11-28T14:12:19Z
956,13,$90.00 ,2024-01-29T20:17:27Z
957,34,$121.00 ,2023-10-13T10:13:58Z
958,42,$86.00 ,2024-05-08T00:28:37Z
959,46,$26.00 ,2023-11-17T11:53:28Z
960,52,$73.00 ,2023-10-16T22:56:04Z
961,86,$94.00 ,2024-04-04T20:38:19Z
962,77,$102.00 ,2023-10-17T18:42:50Z
963,64,$133.00 ,2024-04-03T05:28:47Z
964,25,$112.00 ,2023-11-09T14:22:56Z
965,23,$27.00 ,2024-04-15T21:54:51Z
966,65,$64.00 ,2024-03-16T04:18:45Z
967,24,$94.00 ,2023-12-10T12:41:04Z
968,77,$139.00 ,2024-01-22T01:24:11Z
969,18,$67.00 ,2023-12-15T07:34:15Z
970,78,$101.00 ,2023-12-27T16:48:15Z
971,24,$40.00 ,2024-05-17T14:01:07Z
972,2,$55.00 ,2024-05-11T22:20:51Z
973,5,$67.00 ,2024-04-04T21:35:31Z
974,92,$118.00 ,2024-03-21T11:25:05Z
975,36,$71.00 ,2023-10-25T20:09:37Z
976,85,$54.00 ,2023-11-02T12:41:42Z
977,48,$61.00 ,2023-11-19T11:56:13Z
978,70,$57.00 ,2024-03-10T08:29:31Z
979,97,$50.00 ,2024-01-07T20:51:52Z
980,7,$84.00 ,2023-12-24T15:44:45Z
981,63,$26.00 ,2024-04-12T09:38:15Z
982,11,$111.00 ,2024-01-21T03:55:06Z
983,67,$81.00 ,2024-01-10T04:34:56Z
984,47,$87.00 ,2024-01-26T07:24:36Z
985,53,$37.00 ,2024-05-12T02:22:29Z
986,12,$15.00 ,2023-11-21T12:42:37Z
987,8,$80.00 ,2023-10-17T05:15:50Z
988,1,$88.00 ,2024-03-07T20:03:30Z
989,56,$105.00 ,2024-01-14T03:48:33Z
990,82,$87.00 ,2023-10-19T00:13:11Z
991,84,$114.00 ,2024-03-05T07:46:05Z
992,92,$91.00 ,2024-03-07T13:00:35Z
993,20,$66.00 ,2024-03-21T17:12:19Z
994,83,$142.00 ,2024-05-15T23:13:00Z
995,96,$76.00 ,2023-11-03T17:49:37Z
996,24,$113.00 ,2023-11-26T19:49:33Z
997,3,$104.00 ,2024-04-15T22:25:15Z
998,97,$142.00 ,2024-01-02T14:47:37Z
999,52,$120.00 ,2024-01-04T23:55:07Z
1000,98,$49.00 ,2024-02-04T06:03:56Z
